{
	"format_version": "1.8.0",
	"animations": {
		"animation.portal.arrive": {
			"loop": "hold_on_last_frame",
			"animation_length": 1.9167,
			"bones": {
				"portal_layer1": {
					"position": {
						"0.0": [0, -35, 0],
						"0.0417": [0, -33.29536, 0],
						"0.0833": [0, -29.16258, 0],
						"0.125": [0, -23.64788, 0],
						"0.2083": [0, -11.35212, 0],
						"0.25": [0, -5.83742, 0],
						"0.2917": [0, -1.70464, 0],
						"0.3333": [0, 0, 0]
					}
				},
				"portal_layer2": {
					"position": {
						"0.0": [0, -43, 0],
						"0.3333": [0, -43, 0],
						"0.375": [0, -40.42434, 0],
						"0.4167": [0, -32.74726, 0],
						"0.5": [0, -10.25274, 0],
						"0.5417": [0, -2.57566, 0],
						"0.5833": [0, 0, 0]
					}
				},
				"portal_layer3": {
					"position": {
						"0.0": [0, -51, 0],
						"0.4583": [0, -51, 0],
						"0.5": [0, -47.94515, 0],
						"0.5417": [0, -38.83977, 0],
						"0.625": [0, -12.16023, 0],
						"0.6667": [0, -3.05485, 0],
						"0.7083": [0, 0, 0]
					}
				},
				"portal_layer4": {
					"position": {
						"0.0": [0, -59, 0],
						"0.5417": [0, -59, 0],
						"0.5833": [0, -59, 0],
						"0.625": [0, -54.96129, 0],
						"0.6667": [0, -40.41059, 0],
						"0.7083": [0, -18.58941, 0],
						"0.75": [0, -4.03871, 0],
						"0.7917": [0, 0, 0]
					}
				},
				"portal_layer5": {
					"position": {
						"0.0": [0, -67, 0],
						"0.5417": [0, -67, 0],
						"0.7083": [0, -67, 0],
						"0.75": [0, -64.21856, 0],
						"0.7917": [0, -58.22172, 0],
						"0.8333": [0, -50.65224, 0],
						"0.875": [0, -42.25787, 0],
						"0.9583": [0, -24.74213, 0],
						"1.0": [0, -16.34776, 0],
						"1.0417": [0, -8.77828, 0],
						"1.0833": [0, -2.78144, 0],
						"1.125": [0, 0, 0]
					}
				},
				"main_portal": {
					"scale": {
						"0.0": [0, 0, 0],
						"0.5417": [0, 0, 0],
						"1.0833": [0, 0, 0],
						"1.125": [0, 0, 0],
						"1.1667": [0.02602, 0.02602, 0.02602],
						"1.2083": [0.07047, 0.07047, 0.07047],
						"1.7083": [0.76731, 0.76731, 0.76731],
						"1.8333": [0.92953, 0.92953, 0.92953],
						"1.875": [0.97398, 0.97398, 0.97398],
						"1.9167": [1, 1, 1]
					}
				}
			}
		}
	}
}